{
  "accuracy_mean": 0.7627240143369176,
  "accuracy_std": 0.05929749797217157,
  "balanced_accuracy_mean": 0.658543771043771,
  "balanced_accuracy_std": 0.06526359781035683,
  "precision_macro_mean": 0.7190685028873435,
  "precision_macro_std": 0.09917313893264945,
  "recall_macro_mean": 0.658543771043771,
  "recall_macro_std": 0.06526359781035683,
  "f1_macro_mean": 0.671827207697764,
  "f1_macro_std": 0.07237266980836711,
  "f1_weighted_mean": 0.7475046078415334,
  "f1_weighted_std": 0.05775544298155492,
  "cohen_kappa_mean": 0.35238141264288386,
  "cohen_kappa_std": 0.14468725328158655,
  "matthews_corrcoef_mean": 0.3702875190182637,
  "matthews_corrcoef_std": 0.15345646086488524,
  "roc_auc_mean": 0.7608585858585858,
  "roc_auc_std": 0.08630405332373904,
  "threshold_mean": 0.5,
  "threshold_std": 0.0,
  "n_folds": 5,
  "n_repeats": 3,
  "total_folds": 15,
  "pipeline_name": "Ensemble (A+B)"
}