{
  "accuracy_mean": 0.8546157059314954,
  "accuracy_std": 0.05156638643320022,
  "balanced_accuracy_mean": 0.8601553348612171,
  "balanced_accuracy_std": 0.04927510963240668,
  "precision_macro_mean": 0.8524859742659737,
  "precision_macro_std": 0.04814510175248256,
  "recall_macro_mean": 0.8601553348612171,
  "recall_macro_std": 0.04927510963240668,
  "f1_macro_mean": 0.8502716156227503,
  "f1_macro_std": 0.05227684935733145,
  "f1_weighted_mean": 0.8553796103492207,
  "f1_weighted_std": 0.05147136732881317,
  "cohen_kappa_mean": 0.7032203563861141,
  "cohen_kappa_std": 0.10169133508553083,
  "matthews_corrcoef_mean": 0.7125404267985058,
  "matthews_corrcoef_std": 0.09697924098803191,
  "roc_auc_mean": 0.9110567863509041,
  "roc_auc_std": 0.049888613860416035,
  "threshold_mean": 0.7546666666666667,
  "threshold_std": 0.1597442400283097,
  "n_folds": 5,
  "n_repeats": 3,
  "total_folds": 15,
  "pipeline_name": "Track A (LightGBM)"
}