{
  "accuracy_mean": 0.7711111111111111,
  "accuracy_std": 0.07529427799448957,
  "balanced_accuracy_mean": 0.7495370370370371,
  "balanced_accuracy_std": 0.07930541606771845,
  "precision_macro_mean": 0.7426398589121703,
  "precision_macro_std": 0.064238534586122,
  "recall_macro_mean": 0.7495370370370371,
  "recall_macro_std": 0.07930541606771845,
  "f1_macro_mean": 0.7270104581557326,
  "f1_macro_std": 0.07993187612962317,
  "f1_weighted_mean": 0.7714018750686331,
  "f1_weighted_std": 0.07433888917684316,
  "cohen_kappa_mean": 0.4694291308860537,
  "cohen_kappa_std": 0.14364476263319967,
  "matthews_corrcoef_mean": 0.4905538905052887,
  "matthews_corrcoef_std": 0.13936481374203774,
  "roc_auc_mean": 0.7835437710437709,
  "roc_auc_std": 0.07147768299475177,
  "threshold_mean": 0.38333333333333325,
  "threshold_std": 0.2759871172516733,
  "n_folds": 5,
  "n_repeats": 3,
  "total_folds": 15,
  "pipeline_name": "Track A (LightGBM)"
}